name,window,contributed,final_value,profit,irr,max_drawdown,taxes_paid,after_tax_final,after_tax_profit,after_tax_irr
Buy & hold VOO,10y (2016-2026),72600.0,171820.7,99220.7,0.1643,-0.3405,0.0,171820.7,99220.7,0.1643
Buy & hold SPYG,10y (2016-2026),72600.0,195613.24,123013.24,0.1884,-0.3269,0.0,195613.24,123013.24,0.1884
"Top-1, monthly",10y (2016-2026),72600.0,230715.71,158115.71,0.2189,-0.3334,14872.91,200854.54,128254.54,0.1933
"Top-1, annual",10y (2016-2026),72600.0,271116.33,198516.33,0.2486,-0.3649,23834.85,241543.79,168943.79,0.2273
"Top-2, monthly",10y (2016-2026),72600.0,240637.96,168037.96,0.2266,-0.3188,19644.77,210294.99,137694.99,0.2017
"Top-2, annual",10y (2016-2026),72600.0,289995.05,217395.05,0.261,-0.3375,10989.25,276109.03,203509.03,0.252
"Top-3, monthly",10y (2016-2026),72600.0,290805.71,218205.71,0.2616,-0.3515,19871.48,256337.22,183737.22,0.2383
"Top-3, annual",10y (2016-2026),72600.0,244423.6,171823.6,0.2295,-0.3521,12212.82,227293.79,154693.79,0.2161
"Top-4, monthly",10y (2016-2026),72600.0,290988.45,218388.45,0.2617,-0.3927,20146.74,257922.35,185322.35,0.2394
"Top-4, annual",10y (2016-2026),72600.0,279948.89,207348.89,0.2545,-0.3954,8055.59,267855.95,195255.95,0.2464
"Top-5, monthly",10y (2016-2026),72600.0,261827.93,189227.93,0.2422,-0.4078,15491.76,239517.79,166917.79,0.2258
"Top-5, annual",10y (2016-2026),72600.0,261724.73,189124.73,0.2421,-0.4599,6347.63,249761.67,177161.67,0.2335
Buy & hold SPY,20y (2006-2026),144600.0,702889.39,558289.39,0.1395,-0.5494,0.0,702889.39,558289.39,0.1395
Buy & hold SPYG,20y (2006-2026),144600.0,905918.46,761318.46,0.16,-0.5102,0.0,905918.46,761318.46,0.16
"Top-1, monthly",20y (2006-2026),144600.0,1189216.58,1044616.58,0.1818,-0.3757,105041.27,912869.53,768269.53,0.1606
"Top-1, annual",20y (2006-2026),144600.0,1551418.01,1406818.01,0.203,-0.3718,169881.8,1259395.14,1114795.14,0.1864
"Top-2, monthly",20y (2006-2026),144600.0,1255314.15,1110714.15,0.1861,-0.5263,128773.88,982385.68,837785.68,0.1665
"Top-2, annual",20y (2006-2026),144600.0,1431975.91,1287375.91,0.1966,-0.5154,70461.65,1317991.82,1173391.82,0.19
"Top-3, monthly",20y (2006-2026),144600.0,1368415.49,1223815.49,0.193,-0.5768,115081.44,1098249.34,953649.34,0.1755
"Top-3, annual",20y (2006-2026),144600.0,1247081.04,1102481.04,0.1856,-0.4986,85929.85,1099180.77,954580.77,0.1755
"Top-4, monthly",20y (2006-2026),144600.0,1454228.24,1309628.24,0.1978,-0.5284,125476.49,1180722.09,1036122.09,0.1812
"Top-4, annual",20y (2006-2026),144600.0,1438199.67,1293599.67,0.197,-0.4925,56998.14,1318991.13,1174391.13,0.1901
"Top-5, monthly",20y (2006-2026),144600.0,1158301.62,1013701.62,0.1797,-0.5095,89823.59,977434.75,832834.75,0.1661
"Top-5, annual",20y (2006-2026),144600.0,1237840.75,1093240.75,0.185,-0.4799,43542.67,1130420.49,985820.49,0.1778
