n,anchor,median_irr,median_after_tax_irr,worst_after_tax_irr
1.0,JAN,0.2426,0.2305,0.0912
1.0,FEB,0.1945,0.1818,0.1052
1.0,MAR,0.1889,0.1703,0.068
1.0,APR,0.1911,0.17,0.0501
1.0,MAY,0.2078,0.1855,0.0568
1.0,JUN,0.1949,0.183,0.0363
1.0,JUL,0.2334,0.2153,0.0228
1.0,AUG,0.2093,0.1932,0.0244
1.0,SEP,0.1904,0.1675,0.0204
1.0,OCT,0.2249,0.2041,0.0695
1.0,NOV,0.2127,0.1828,0.0824
1.0,DEC,0.2656,0.243,0.0802
2.0,JAN,0.2448,0.2381,0.0614
2.0,FEB,0.2113,0.2029,0.0606
2.0,MAR,0.2468,0.2429,0.0645
2.0,APR,0.2427,0.2341,0.0664
2.0,MAY,0.2301,0.2143,0.0931
2.0,JUN,0.2207,0.2126,0.0909
2.0,JUL,0.2203,0.2056,0.0993
2.0,AUG,0.2152,0.197,0.0717
2.0,SEP,0.2049,0.1913,0.0688
2.0,OCT,0.222,0.2091,0.0845
2.0,NOV,0.2524,0.241,0.0725
2.0,DEC,0.2427,0.2362,0.0623
3.0,JAN,0.22,0.2069,0.0816
3.0,FEB,0.2175,0.208,0.0485
3.0,MAR,0.2219,0.2088,0.0514
3.0,APR,0.2239,0.2136,0.0551
3.0,MAY,0.2373,0.2293,0.1173
3.0,JUN,0.2205,0.2086,0.1084
3.0,JUL,0.2157,0.205,0.1175
3.0,AUG,0.2173,0.2041,0.0817
3.0,SEP,0.2275,0.2158,0.0847
3.0,OCT,0.2236,0.2132,0.0787
3.0,NOV,0.2299,0.218,0.0805
3.0,DEC,0.2164,0.205,0.0768
