window,strategy,n,rebalance,contributed,final,irr,max_drawdown,taxes_paid,after_tax_final,after_tax_irr
2006-08-13,SPY,,buy & hold,72600.0,127800.56,0.10905396618831975,-0.5493851689630154,0.0,127800.56,0.10905396618831975
2006-08-13,SPYG,,buy & hold,72600.0,137771.2,0.12316782236043344,-0.5102258144133893,0.0,137771.2,0.12316782236043344
2006-08-13,Top-1 annual,1.0,annual,72600.0,119683.64,0.09667252267379423,-0.37176044882888437,1761.03,117141.1,0.09260903415357069
2006-08-13,Top-1 monthly,1.0,monthly,72600.0,106686.72,0.07484296356675524,-0.3766066233469243,1478.71,104723.82,0.07129806678163642
2006-08-13,Top-2 annual,2.0,annual,72600.0,102742.68,0.06764640432399915,-0.5266826903262575,753.1,101964.45,0.06619096125622603
2006-08-13,Top-2 monthly,2.0,monthly,72600.0,114749.95,0.08870035162442436,-0.5263475773915278,3499.75,111025.81,0.08243501148431809
2006-08-13,Top-3 annual,3.0,annual,72600.0,113626.43,0.0868334974427366,-0.4975709967632286,1721.05,111817.72,0.08378603923958206
2006-08-13,Top-3 monthly,3.0,monthly,72600.0,101646.85,0.06559352722502776,-0.5729411642667576,1762.91,99795.14,0.06206925983082778
2006-08-13,Top-4 annual,4.0,annual,72600.0,111604.47,0.08342324324243566,-0.4884043725030578,1339.44,110202.67,0.08101967116540532
2006-08-13,Top-4 monthly,4.0,monthly,72600.0,111410.35,0.08309234229197637,-0.5385288866685634,2538.6,108707.41,0.07841924447793092
2006-08-13,Top-5 annual,5.0,annual,72600.0,113589.82,0.08677232160401205,-0.4784539823868077,1380.19,112096.33,0.08425889555589838
2006-08-13,Top-5 monthly,5.0,monthly,72600.0,112211.36,0.08445375446791903,-0.5094535809164575,3053.02,108970.16,0.0788789903920285
2006-11-13,SPY,,buy & hold,72600.0,125363.97,0.10544384460245071,-0.5490576912269036,0.0,125363.97,0.10544384460245071
2006-11-13,SPYG,,buy & hold,72600.0,131998.14,0.11515096165408589,-0.5098896323070821,0.0,131998.14,0.11515096165408589
2006-11-13,Top-1 annual,1.0,annual,72600.0,118650.11,0.0950470880867339,-0.3715343487264823,1660.72,116234.4,0.09115161460874
2006-11-13,Top-1 monthly,1.0,monthly,72600.0,105671.61,0.07303053810887727,-0.37660910455700136,1352.79,103862.47,0.069731119366221
2006-11-13,Top-2 annual,2.0,annual,72600.0,100238.12,0.0629291881132642,-0.5266978522802628,774.43,99448.42,0.061411602024366796
2006-11-13,Top-2 monthly,2.0,monthly,72600.0,111392.5,0.08307526400770182,-0.5258049998485971,3501.79,107729.53,0.07671007327606494
2006-11-13,Top-3 annual,3.0,annual,72600.0,112346.49,0.08469602213082339,-0.4973171056500677,1750.9,110510.96,0.08156425609376539
2006-11-13,Top-3 monthly,3.0,monthly,72600.0,100704.63,0.06381958234212692,-0.5722790461822509,1833.52,98780.8,0.06011832723715005
2006-11-13,Top-4 annual,4.0,annual,72600.0,112181.89,0.08441743561733628,-0.48817021092393653,1358.43,110746.76,0.0819697070328943
2006-11-13,Top-4 monthly,4.0,monthly,72600.0,105270.92,0.07230510085790776,-0.5379951084883381,2342.62,102858.98,0.06787400222464746
2006-11-13,Top-5 annual,5.0,annual,72600.0,113414.29,0.08649264889067088,-0.4782295287418751,1371.46,111918.85,0.08397133780978272
2006-11-13,Top-5 monthly,5.0,monthly,72600.0,110064.05,0.0807932636219354,-0.509093170856487,3035.59,106856.34,0.0751581874389805
2007-02-13,SPY,,buy & hold,72600.0,133805.08,0.11755170633105794,-0.5486370094860396,0.0,133805.08,0.11755170633105794
2007-02-13,SPYG,,buy & hold,72600.0,140136.44,0.12621305596108578,-0.5094679262038424,0.0,140136.44,0.12621305596108578
2007-02-13,Top-1 annual,1.0,annual,72600.0,143944.97,0.13122700174492208,-0.3712184361070511,1559.3,141144.54,0.1275540364426292
2007-02-13,Top-1 monthly,1.0,monthly,72600.0,128586.13,0.11008012682058943,-0.37661153905864475,1272.26,126485.52,0.10698167775908918
2007-02-13,Top-2 annual,2.0,annual,72600.0,115529.46,0.08987849047189955,-0.5267310034280388,930.77,114480.57,0.08815083356859199
2007-02-13,Top-2 monthly,2.0,monthly,72600.0,127981.55,0.10919389213456465,-0.5250874102717997,3732.57,123529.57,0.10252768858071903
2007-02-13,Top-3 annual,3.0,annual,72600.0,127231.42,0.10808810774064603,-0.4969884812837112,1913.45,124994.8,0.10474948062398648
2007-02-13,Top-3 monthly,3.0,monthly,72600.0,114458.82,0.08811481918215913,-0.5714060434675798,1987.46,112114.21,0.08418986552012353
2007-02-13,Top-4 annual,4.0,annual,72600.0,124487.83,0.10398389159397825,-0.4878529576314492,1534.65,122718.01,0.10128497410126258
2007-02-13,Top-4 monthly,4.0,monthly,72600.0,116593.63,0.09161421368422584,-0.5372934110550214,2032.76,114255.86,0.08777849451304631
2007-02-13,Top-5 annual,5.0,annual,72600.0,122628.03,0.10114665184232174,-0.477937827446257,1512.39,120865.71,0.09841546986597616
2007-02-13,Top-5 monthly,5.0,monthly,72600.0,118806.23,0.09516939132429003,-0.5086507951458065,2980.78,115453.14,0.08975334539018276
2007-05-13,SPY,,buy & hold,72600.0,136038.11,0.120850570522684,-0.5479820359373433,0.0,136038.11,0.120850570522684
2007-05-13,SPYG,,buy & hold,72600.0,145536.3,0.13349515532400302,-0.5088389358752472,0.0,145536.3,0.13349515532400302
2007-05-13,Top-1 annual,1.0,annual,72600.0,165846.48,0.1578586255032154,-0.3707527241695501,1457.92,162767.19,0.15437128157227276
2007-05-13,Top-1 monthly,1.0,monthly,72600.0,148497.27,0.13726041951073353,-0.37661427555596416,1186.54,146193.46,0.13433771114432258
2007-05-13,Top-2 annual,2.0,annual,72600.0,132474.14,0.11586421406998337,-0.5262962552194748,942.44,131261.77,0.11413558608085272
2007-05-13,Top-2 monthly,2.0,monthly,72600.0,146440.55,0.13465346934744915,-0.5238839070501454,3838.77,141241.2,0.12788812402757077
2007-05-13,Top-3 annual,3.0,annual,72600.0,141867.04,0.1287161785666301,-0.4961331645206797,1917.42,139352.57,0.12536566504336932
2007-05-13,Top-3 monthly,3.0,monthly,72600.0,128054.72,0.10948008235613005,-0.5699350768852436,2137.99,125242.95,0.1052954203834987
2007-05-13,Top-4 annual,4.0,annual,72600.0,134604.31,0.1188613271255422,-0.48699456146253184,1519.52,132692.75,0.11617413965428247
2007-05-13,Top-4 monthly,4.0,monthly,72600.0,128957.16,0.1108025049979845,-0.5361604054494353,2432.35,125961.7,0.10637453124796081
2007-05-13,Top-5 annual,5.0,annual,72600.0,130634.64,0.11323476368928798,-0.47749622482451126,1515.08,128736.42,0.11047993423330993
2007-05-13,Top-5 monthly,5.0,monthly,72600.0,129716.87,0.11190817409325404,-0.5080266387515022,3108.27,125899.22,0.10628099121322532
2007-08-13,SPY,,buy & hold,72600.0,137883.17,0.12339889057954989,-0.5466778009848012,0.0,137883.17,0.12339889057954989
2007-08-13,SPYG,,buy & hold,72600.0,147721.86,0.13630490099093462,-0.5078075891861885,0.0,147721.86,0.13630490099093462
2007-08-13,Top-1 annual,1.0,annual,72600.0,165129.0,0.15707832217683493,-0.3701290326162715,1405.22,162122.93,0.15365866298373898
2007-08-13,Top-1 monthly,1.0,monthly,72600.0,148185.02,0.13689003703189495,-0.3766169078045495,1147.19,145929.12,0.13402176432021717
2007-08-13,Top-2 annual,2.0,annual,72600.0,130646.68,0.11327125201525579,-0.5243529076709259,980.99,129384.58,0.11144424806695052
2007-08-13,Top-2 monthly,2.0,monthly,72600.0,143960.37,0.13148036574599697,-0.5214907214465276,3796.11,138839.56,0.12469525235190437
2007-08-13,Top-3 annual,3.0,annual,72600.0,142776.71,0.12993480402890178,-0.4939508140536837,1963.63,140155.21,0.12646331500643415
2007-08-13,Top-3 monthly,3.0,monthly,72600.0,129538.79,0.11166849246033339,-0.5670861066312625,2298.0,126468.56,0.10714973916774062
2007-08-13,Top-4 annual,4.0,annual,72600.0,137144.43,0.12239103633630755,-0.4848457139861022,1532.19,135145.82,0.11963540269156392
2007-08-13,Top-4 monthly,4.0,monthly,72600.0,129842.33,0.11210906151286448,-0.534492506444354,2524.65,126703.0,0.1074988749816711
2007-08-13,Top-5 annual,5.0,annual,72600.0,131479.32,0.11446635745945988,-0.476806790088918,1522.39,129520.32,0.1116416537812902
2007-08-13,Top-5 monthly,5.0,monthly,72600.0,130546.55,0.11312697700390528,-0.5071073687418317,3837.12,125934.8,0.106352277912929
2007-11-13,SPY,,buy & hold,72600.0,144655.22,0.13221031449560205,-0.5372392781492195,0.0,144655.22,0.13221031449560205
2007-11-13,SPYG,,buy & hold,72600.0,156570.19,0.1469767989439713,-0.5054666846843052,0.0,156570.19,0.1469767989439713
2007-11-13,Top-1 annual,1.0,annual,72600.0,180011.14,0.17289327535538745,-0.36916595994310275,1368.4,176765.6,0.16952028222136384
2007-11-13,Top-1 monthly,1.0,monthly,72600.0,161887.13,0.15319209958986757,-0.3766196632343327,1122.97,159438.85,0.15035693319733368
2007-11-13,Top-2 annual,2.0,annual,72600.0,144317.22,0.13177307019104834,-0.5093636178487178,1033.42,142842.77,0.12985303359928013
2007-11-13,Top-2 monthly,2.0,monthly,72600.0,158994.86,0.14983793322212924,-0.5055928145485566,4130.13,152986.42,0.14266230716904638
2007-11-13,Top-3 annual,3.0,annual,72600.0,159637.54,0.15058870012637582,-0.4887026805193596,2012.57,156605.77,0.14701912585774546
2007-11-13,Top-3 monthly,3.0,monthly,72600.0,145762.3,0.13363499834061476,-0.5523183207924375,2609.35,141964.01,0.12869879376457727
2007-11-13,Top-4 annual,4.0,annual,72600.0,150965.71,0.14018285256998786,-0.4832625199357782,1575.29,148663.53,0.13731543954553105
2007-11-13,Top-4 monthly,4.0,monthly,72600.0,144501.84,0.13201203198679134,-0.5331738526722469,3995.39,139539.0,0.12547418634094598
2007-11-13,Top-5 annual,5.0,annual,72600.0,143799.01,0.13110060880770547,-0.475069076701669,1532.4,141604.3,0.12822415015880717
2007-11-13,Top-5 monthly,5.0,monthly,72600.0,145539.78,0.13334955402618986,-0.5051239610754235,4112.78,140190.37,0.12634608058050467
2008-02-13,SPY,,buy & hold,72600.0,147479.97,0.1357774708590168,-0.5066891327153131,0.0,147479.97,0.1357774708590168
2008-02-13,SPYG,,buy & hold,72600.0,160089.69,0.15106458296730862,-0.4868170380573694,0.0,160089.69,0.15106458296730862
2008-02-13,Top-1 annual,1.0,annual,72600.0,167825.51,0.1598350489360124,-0.3674259001804481,1337.81,164815.89,0.15647370295830687
2008-02-13,Top-1 monthly,1.0,monthly,72600.0,151249.74,0.1404862962691208,-0.3766226378389165,1104.67,148965.39,0.1376477779876356
2008-02-13,Top-2 annual,2.0,annual,72600.0,139910.86,0.12592984887103753,-0.49377290371902693,1535.12,137939.63,0.123273242438526
2008-02-13,Top-2 monthly,2.0,monthly,72600.0,154539.16,0.14449605336087357,-0.4903476102623433,4534.98,148224.96,0.13671794586680786
2008-02-13,Top-3 annual,3.0,annual,72600.0,159659.36,0.1505638698353352,-0.44198333233542686,2383.55,156180.67,0.1464638656953342
2008-02-13,Top-3 monthly,3.0,monthly,72600.0,146584.9,0.13464093981070635,-0.49623087786926223,2964.65,142340.05,0.12915001440500185
2008-02-13,Top-4 annual,4.0,annual,72600.0,160098.73,0.1510750889556406,-0.4404751976552409,4287.86,154838.19,0.14485614050699314
2008-02-13,Top-4 monthly,4.0,monthly,72600.0,153291.12,0.14298528126635446,-0.47862958187648375,4321.11,147634.35,0.13597276386715318
2008-02-13,Top-5 annual,5.0,annual,72600.0,151260.88,0.14050003896333318,-0.4357171539921716,2934.65,147477.8,0.1357747257719818
2008-02-13,Top-5 monthly,5.0,monthly,72600.0,152897.28,0.1425058733468353,-0.4710317116049103,4906.53,146435.55,0.1344505870115148
2008-05-13,SPY,,buy & hold,72600.0,149279.19,0.1383243460430964,-0.5029181688421298,0.0,149279.19,0.1383243460430964
2008-05-13,SPYG,,buy & hold,72600.0,164393.94,0.1563144994839002,-0.483640273460472,0.0,164393.94,0.1563144994839002
2008-05-13,Top-1 annual,1.0,annual,72600.0,189802.38,0.1830080314400192,-0.36264179379279504,1297.83,186438.83,0.1796930807642082
2008-05-13,Top-1 monthly,1.0,monthly,72600.0,171437.51,0.16411913632683206,-0.37662603414761897,1077.44,168870.85,0.16131422668036832
2008-05-13,Top-2 annual,2.0,annual,72600.0,152149.92,0.1418831538691917,-0.47346485904907,1561.68,149976.13,0.13919487191689506
2008-05-13,Top-2 monthly,2.0,monthly,72600.0,164312.22,0.1562219285154519,-0.46720142058060143,7512.33,154563.33,0.1448211867909811
2008-05-13,Top-3 annual,3.0,annual,72600.0,172882.58,0.165679314461188,-0.4243880315006373,2374.43,169075.83,0.1615398412463499
2008-05-13,Top-3 monthly,3.0,monthly,72600.0,155173.5,0.14555642412144054,-0.48607579861046224,7735.25,145855.47,0.1339852241395859
2008-05-13,Top-4 annual,4.0,annual,72600.0,174904.1,0.16783941683921821,-0.430377401556148,4227.83,169333.32,0.1618228591094374
2008-05-13,Top-4 monthly,4.0,monthly,72600.0,168013.53,0.16036749156828367,-0.4684412756707206,4816.41,161244.8,0.15271229497459793
2008-05-13,Top-5 annual,5.0,annual,72600.0,162384.59,0.15402443076932826,-0.4175480815491238,2904.37,158364.36,0.14935289242681626
2008-05-13,Top-5 monthly,5.0,monthly,72600.0,164596.15,0.15654334575456297,-0.4533830026927187,5405.86,157117.21,0.14787860215442972
2008-08-13,SPY,,buy & hold,72600.0,152228.46,0.1417981236755551,-0.45452100761113856,0.0,152228.46,0.1417981236755551
2008-08-13,SPYG,,buy & hold,72600.0,169605.24,0.16191700256261832,-0.43860639348261954,0.0,169605.24,0.16191700256261832
2008-08-13,Top-1 annual,1.0,annual,72600.0,206954.95,0.19878422076461277,-0.31630622868584557,1267.84,203302.94,0.19549319318532998
2008-08-13,Top-1 monthly,1.0,monthly,72600.0,187329.45,0.18035193088443247,-0.37662969292541004,1059.71,184523.74,0.17755640741783185
2008-08-13,Top-2 annual,2.0,annual,72600.0,168375.08,0.1605646241091513,-0.3980223149096691,1572.6,165942.98,0.15786053821876955
2008-08-13,Top-2 monthly,2.0,monthly,72600.0,185579.1,0.1786130172684831,-0.39382920577561076,7700.33,174746.72,0.1674616948752946
2008-08-13,Top-3 annual,3.0,annual,72600.0,190390.37,0.18335318345044904,-0.3623801970800469,2378.34,186013.81,0.17904645200128633
2008-08-13,Top-3 monthly,3.0,monthly,72600.0,175283.07,0.16803038997129527,-0.4128447318268993,9143.99,163944.34,0.15560747932869978
2008-08-13,Top-4 annual,4.0,annual,72600.0,195766.79,0.18850715348623226,-0.3543887406306937,4165.05,189722.34,0.18270241159888811
2008-08-13,Top-4 monthly,4.0,monthly,72600.0,187812.02,0.18082841404848782,-0.3998852965350018,5055.37,180016.79,0.17297314708654687
2008-08-13,Top-5 annual,5.0,annual,72600.0,178681.07,0.1715921218058366,-0.35201505260440735,2855.33,174339.57,0.16702880184493496
2008-08-13,Top-5 monthly,5.0,monthly,72600.0,175951.66,0.1687367781945176,-0.3982872488784469,5169.9,168163.11,0.16033056277984337
2008-11-13,SPY,,buy & hold,72600.0,144456.64,0.13196588445632285,-0.2629504850698925,0.0,144456.64,0.13196588445632285
2008-11-13,SPYG,,buy & hold,72600.0,158065.6,0.148760390017196,-0.22129812522787762,0.0,158065.6,0.148760390017196
2008-11-13,Top-1 annual,1.0,annual,72600.0,186379.18,0.1793491749197934,-0.31627866644791613,1194.28,183201.87,0.17616442127505294
2008-11-13,Top-1 monthly,1.0,monthly,72600.0,169084.32,0.16129055312216078,-0.37663440918803026,1000.49,166637.93,0.15858321401009567
2008-11-13,Top-2 annual,2.0,annual,72600.0,146197.85,0.1342048999733626,-0.3016528114311632,1587.45,143860.7,0.1311930567658438
2008-11-13,Top-2 monthly,2.0,monthly,72600.0,165830.33,0.15768043635935458,-0.25965430287302227,8913.28,154475.1,0.1444804586141616
2008-11-13,Top-3 annual,3.0,annual,72600.0,172213.99,0.16469559893055152,-0.235181422367728,2366.42,168021.92,0.1601198403245777
2008-11-13,Top-3 monthly,3.0,monthly,72600.0,156984.65,0.1474826228622873,-0.25798535247368515,10571.18,144643.47,0.13220748055675358
2008-11-13,Top-4 annual,4.0,annual,72600.0,173295.12,0.16585702596180163,-0.2518786766508907,4071.64,167597.03,0.15964948609807428
2008-11-13,Top-4 monthly,4.0,monthly,72600.0,167299.35,0.1593192189627778,-0.2271860324708641,5971.93,159226.03,0.1501220342572428
2008-11-13,Top-5 annual,5.0,annual,72600.0,162908.6,0.15437586113599056,-0.25586441750532884,2808.86,158746.16,0.1495602221971878
2008-11-13,Top-5 monthly,5.0,monthly,72600.0,162257.02,0.1536305241939221,-0.23300136480270772,5729.59,154330.62,0.14430607086860958
2009-02-13,SPY,,buy & hold,72600.0,141825.64,0.12848412150032285,-0.19358283985216174,0.0,141825.64,0.12848412150032285
2009-02-13,SPYG,,buy & hold,72600.0,154969.06,0.14502572172214656,-0.20616771427625047,0.0,154969.06,0.14502572172214656
2009-02-13,Top-1 annual,1.0,annual,72600.0,158109.55,0.14876129024917673,-0.3651999794211187,11392.34,145247.19,0.1329402001003509
2009-02-13,Top-1 monthly,1.0,monthly,72600.0,147282.39,0.13553883913934428,-0.37663976279733036,12850.06,133026.61,0.11648427123108107
2009-02-13,Top-2 annual,2.0,annual,72600.0,138772.15,0.12441097239149912,-0.28447433412220413,3798.62,134292.81,0.11826179212618848
2009-02-13,Top-2 monthly,2.0,monthly,72600.0,152190.39,0.14165416062055114,-0.30677653811404604,12004.37,137949.34,0.12329726459003487
2009-02-13,Top-3 annual,3.0,annual,72600.0,165640.83,0.15741427521607332,-0.2474086873472362,4683.69,159270.8,0.15012305422011585
2009-02-13,Top-3 monthly,3.0,monthly,72600.0,148639.42,0.13725075188509883,-0.28501786499573856,10320.77,136227.54,0.12094390872714234
2009-02-13,Top-4 annual,4.0,annual,72600.0,167864.78,0.15989157777920726,-0.26891328355422084,4630.01,161562.79,0.1527808060396415
2009-02-13,Top-4 monthly,4.0,monthly,72600.0,162354.72,0.15369001280372208,-0.2604369611138757,6448.3,153785.87,0.14359783707765195
2009-02-13,Top-5 annual,5.0,annual,72600.0,156264.31,0.1465758715548805,-0.24518243826438268,3309.03,151666.29,0.1410110381297166
2009-02-13,Top-5 monthly,5.0,monthly,72600.0,156130.91,0.146416834236493,-0.23492793952252966,5989.56,148025.61,0.13647845536904313
2009-05-13,SPY,,buy & hold,72600.0,139249.69,0.12519270509331315,-0.19358837345359248,0.0,139249.69,0.12519270509331315
2009-05-13,SPYG,,buy & hold,72600.0,154035.4,0.14405736774445532,-0.2061728610998823,0.0,154035.4,0.14405736774445532
2009-05-13,Top-1 annual,1.0,annual,72600.0,178163.04,0.17112155387645,-0.3652042181268911,10816.72,165652.62,0.1575983052165405
2009-05-13,Top-1 monthly,1.0,monthly,72600.0,160369.33,0.15156669015946733,-0.37664677239293143,12260.6,145240.94,0.13307864404064607
2009-05-13,Top-2 annual,2.0,annual,72600.0,152087.06,0.14168263093520095,-0.28447256199984083,3562.5,147687.09,0.1362007068803287
2009-05-13,Top-2 monthly,2.0,monthly,72600.0,171342.48,0.16387514775702072,-0.30678266813647603,15046.45,152624.8,0.1423412110053951
2009-05-13,Top-3 annual,3.0,annual,72600.0,180060.64,0.17308684175506805,-0.24741072901362726,4374.44,173797.11,0.1665167569161382
2009-05-13,Top-3 monthly,3.0,monthly,72600.0,161742.3,0.1531537399782935,-0.28502343379786454,9885.16,148593.46,0.1373438020195844
2009-05-13,Top-4 annual,4.0,annual,72600.0,177673.41,0.1706109577505236,-0.26891126328766823,4309.96,171459.58,0.16400204621288894
2009-05-13,Top-4 monthly,4.0,monthly,72600.0,171807.86,0.1643789626040354,-0.2604411074949058,6552.29,162692.35,0.15424375947753266
2009-05-13,Top-5 annual,5.0,annual,72600.0,162570.53,0.15410436482840917,-0.24517580462064015,3056.42,158152.63,0.14897430584144444
2009-05-13,Top-5 monthly,5.0,monthly,72600.0,162727.26,0.15428369218717497,-0.23493163910061032,6094.57,154187.16,0.14424102935238026
2009-08-13,SPY,,buy & hold,72600.0,140526.16,0.12686062103928253,-0.1935935617865855,0.0,140526.16,0.12686062103928253
2009-08-13,SPYG,,buy & hold,72600.0,155711.05,0.14602753265706248,-0.20617775445859277,0.0,155711.05,0.14602753265706248
2009-08-13,Top-1 annual,1.0,annual,72600.0,195200.95,0.1879859989447349,-0.36520861462267296,10274.44,183084.48,0.17611920739293974
2009-08-13,Top-1 monthly,1.0,monthly,72600.0,176227.18,0.16904050733077092,-0.3766547250273822,11704.75,160002.62,0.1510916786768045
2009-08-13,Top-2 annual,2.0,annual,72600.0,166807.76,0.1588395640499053,-0.28447068595817016,3345.92,162465.89,0.15393500246865643
2009-08-13,Top-2 monthly,2.0,monthly,72600.0,177986.73,0.17088356171995078,-0.3067891674047085,13843.68,159982.77,0.15106859000544504
2009-08-13,Top-3 annual,3.0,annual,72600.0,189543.55,0.18254198848795322,-0.24741287906785014,4086.12,183508.62,0.17654803994616508
2009-08-13,Top-3 monthly,3.0,monthly,72600.0,170246.67,0.16263122421466003,-0.2850291855064393,9577.18,156676.39,0.14717920732552636
2009-08-13,Top-4 annual,4.0,annual,72600.0,185758.1,0.17880556944644577,-0.2689091738602255,4023.2,179666.04,0.172625142454372
2009-08-13,Top-4 monthly,4.0,monthly,72600.0,179491.83,0.17244525740783134,-0.26044535306685923,6751.34,169852.83,0.16220102541713566
2009-08-13,Top-5 annual,5.0,annual,72600.0,166972.24,0.15902275202728477,-0.24516899478526966,2835.77,162742.54,0.15425154405800068
2009-08-13,Top-5 monthly,5.0,monthly,72600.0,166609.7,0.1586187320304323,-0.23493552248455007,6349.28,157648.87,0.14833195426578227
2009-11-13,SPY,,buy & hold,72600.0,144220.54,0.13167324213216214,-0.19359878132966546,0.0,144220.54,0.13167324213216214
2009-11-13,SPYG,,buy & hold,72600.0,155187.21,0.1453518106093904,-0.20618269299145964,0.0,155187.21,0.1453518106093904
2009-11-13,Top-1 annual,1.0,annual,72600.0,201581.29,0.19387369486257688,-0.36521358895799816,9700.14,190107.33,0.1830332455120497
2009-11-13,Top-1 monthly,1.0,monthly,72600.0,184689.47,0.177679516422231,-0.3766646750424204,17587.74,161686.35,0.15299014244798526
2009-11-13,Top-2 annual,2.0,annual,72600.0,188590.47,0.1815502639915728,-0.28446862593243283,3126.6,184252.52,0.17724073842797272
2009-11-13,Top-2 monthly,2.0,monthly,72600.0,200151.71,0.19255790024633368,-0.3067960966372725,13236.89,181349.6,0.17429826654587643
2009-11-13,Top-3 annual,3.0,annual,72600.0,202426.73,0.19464736620463963,-0.24741520574057307,3804.42,196578.82,0.18922701852341983
2009-11-13,Top-3 monthly,3.0,monthly,72600.0,180513.02,0.17344130091666365,-0.2850352984289568,9696.74,166021.86,0.15791033573249702
2009-11-13,Top-4 annual,4.0,annual,72600.0,197604.44,0.19018944548491656,-0.2689069122964608,3741.58,191561.53,0.18444363169857592
2009-11-13,Top-4 monthly,4.0,monthly,72600.0,189502.67,0.18244354502373616,-0.26044993767171254,6815.46,179428.04,0.17232376639789837
2009-11-13,Top-5 annual,5.0,annual,72600.0,177963.12,0.17080382453008924,-0.24516170368798362,2622.44,173792.25,0.1664046568915859
2009-11-13,Top-5 monthly,5.0,monthly,72600.0,173186.06,0.16575623603459533,-0.23493960516472445,5992.42,164315.25,0.15598965249107632
2010-02-13,SPY,,buy & hold,72600.0,153247.73,0.14296147798149128,-0.19360391668329147,0.0,153247.73,0.14296147798149128
2010-02-13,SPYG,,buy & hold,72600.0,170058.31,0.162320945151189,-0.20618753234751197,0.0,170058.31,0.162320945151189
2010-02-13,Top-1 annual,1.0,annual,72600.0,231684.67,0.21950689137377488,-0.36521865069918025,27970.88,200996.17,0.19327526691510466
2010-02-13,Top-1 monthly,1.0,monthly,72600.0,220963.0,0.21076531921620834,-0.3766759942018324,17024.22,194698.29,0.18738961649668429
2010-02-13,Top-2 annual,2.0,annual,72600.0,227392.02,0.21605709896409986,-0.2844665468884807,4187.45,221326.05,0.2110682725478824
2010-02-13,Top-2 monthly,2.0,monthly,72600.0,240823.56,0.22664150453392973,-0.3068025726807546,13133.03,218956.23,0.20908157836891628
2010-02-13,Top-3 annual,3.0,annual,72600.0,241171.28,0.22690755596650314,-0.247417551688076,8122.01,230189.88,0.21831298179297842
2010-02-13,Top-3 monthly,3.0,monthly,72600.0,218553.23,0.20874156513733133,-0.28504116199564367,12175.78,198558.48,0.19101977445402019
2010-02-13,Top-4 annual,4.0,annual,72600.0,234404.22,0.2216592310011255,-0.26890467877436985,5587.54,225502.43,0.21451762562717647
2010-02-13,Top-4 monthly,4.0,monthly,72600.0,223894.19,0.21319706027011576,-0.26045448447933983,6960.96,212072.86,0.20318497969815164
2010-02-13,Top-5 annual,5.0,annual,72600.0,205696.81,0.19754692685517494,-0.24515445825069304,6262.32,197317.64,0.18986079361067698
2010-02-13,Top-5 monthly,5.0,monthly,72600.0,198936.26,0.19137116272996935,-0.2349436437486495,6712.74,188118.62,0.18102899101622094
2010-05-13,SPY,,buy & hold,72600.0,125181.85,0.10513361530257959,-0.33729999421576895,0.0,125181.85,0.10513361530257959
2010-05-13,SPYG,,buy & hold,72600.0,147946.88,0.1364775185581656,-0.312780856840283,0.0,147946.88,0.1364775185581656
2010-05-13,Top-1 annual,1.0,annual,72600.0,212498.55,0.20367212558404424,-0.3652245467456412,26592.0,184096.13,0.17713062958747938
2010-05-13,Top-1 monthly,1.0,monthly,72600.0,204737.52,0.19679675778126293,-0.37669096354922205,22293.55,174889.59,0.16761762032846572
2010-05-13,Top-2 annual,2.0,annual,72600.0,212269.38,0.20347278720331896,-0.2898238459378698,3923.18,206801.16,0.19865045076348464
2010-05-13,Top-2 monthly,2.0,monthly,72600.0,224845.15,0.21410113407671727,-0.3068099462588262,12730.94,204678.24,0.19674323120308645
2010-05-13,Top-3 annual,3.0,annual,72600.0,219368.09,0.20954821823183722,-0.2960948339318653,7676.38,209447.25,0.2009999712949121
2010-05-13,Top-3 monthly,3.0,monthly,72600.0,214554.13,0.20545040560793149,-0.28504758413765774,11623.21,195418.08,0.18818116366118776
2010-05-13,Top-4 annual,4.0,annual,72600.0,222452.76,0.21212637876866947,-0.2689021402311096,5222.82,214369.66,0.20529153105674747
2010-05-13,Top-4 monthly,4.0,monthly,72600.0,212479.04,0.20365516881242607,-0.2615683604866299,7115.43,201166.81,0.1935439228615793
2010-05-13,Top-5 annual,5.0,annual,72600.0,194823.9,0.18761771835249508,-0.27428382743939117,5891.55,187102.39,0.18013134479396686
2010-05-13,Top-5 monthly,5.0,monthly,72600.0,190479.79,0.1834441012606559,-0.2679419575746341,6637.8,180183.99,0.17314945230397372
2010-08-13,SPY,,buy & hold,72600.0,145556.15,0.13339205388242237,-0.3373060584229475,0.0,145556.15,0.13339205388242237
2010-08-13,SPYG,,buy & hold,72600.0,175320.58,0.16802360899259228,-0.31278723760808025,0.0,175320.58,0.16802360899259228
2010-08-13,Top-1 annual,1.0,annual,72600.0,304818.22,0.27016070724097985,-0.36523175029568467,25054.92,273708.16,0.25030631834782524
2010-08-13,Top-1 monthly,1.0,monthly,72600.0,284390.52,0.25736611969188694,-0.37671241181859494,28625.25,239132.59,0.22540451394331196
2010-08-13,Top-2 annual,2.0,annual,72600.0,269504.59,0.24745259739646908,-0.2898325090829885,3586.93,263428.95,0.24324839369444862
2010-08-13,Top-2 monthly,2.0,monthly,72600.0,292838.09,0.26276446369405837,-0.3068189210160497,21962.75,257749.98,0.23923002461118792
2010-08-13,Top-3 annual,3.0,annual,72600.0,265681.08,0.24481801932510405,-0.29610122980989007,7151.06,255302.69,0.2374709390008164
2010-08-13,Top-3 monthly,3.0,monthly,72600.0,274680.33,0.25096007319243074,-0.2850551896536593,11928.58,250710.56,0.23412405724803975
2010-08-13,Top-4 annual,4.0,annual,72600.0,274096.95,0.25056804621463613,-0.268899160678868,4809.66,265287.46,0.24454464293455092
2010-08-13,Top-4 monthly,4.0,monthly,72600.0,261162.08,0.24165488052871276,-0.2615744681691725,7881.27,246990.82,0.23136758308882788
2010-08-13,Top-5 annual,5.0,annual,72600.0,240129.14,0.22617155722273263,-0.27428984733944173,5476.14,232044.3,0.21985395386488615
2010-08-13,Top-5 monthly,5.0,monthly,72600.0,234879.36,0.22209421653745742,-0.26794831566111443,7385.94,221810.32,0.21153055039630708
2010-11-13,SPY,,buy & hold,72600.0,150080.92,0.13906670865560866,-0.3373126938952884,0.0,150080.92,0.13906670865560866
2010-11-13,SPYG,,buy & hold,72600.0,179770.91,0.1726216173249916,-0.31279428614858584,0.0,179770.91,0.1726216173249916
2010-11-13,Top-1 annual,1.0,annual,72600.0,302052.55,0.26840625264147644,-0.3652398072576013,23517.13,272943.47,0.24972176338402197
2010-11-13,Top-1 monthly,1.0,monthly,72600.0,282884.18,0.25631656878170206,-0.3767416118138823,27063.06,239462.02,0.22559532166449514
2010-11-13,Top-2 annual,2.0,annual,72600.0,267217.34,0.24581330157959702,-0.2898424907098889,3220.98,261837.69,0.24206431736702194
2010-11-13,Top-2 monthly,2.0,monthly,72600.0,289611.81,0.2606500647303881,-0.30682984534088686,21974.07,255113.92,0.23726872693589318
2010-11-13,Top-3 annual,3.0,annual,72600.0,273142.82,0.2498563534147914,-0.29610853450305397,6596.84,263429.19,0.2431813703403377
2010-11-13,Top-3 monthly,3.0,monthly,72600.0,269665.28,0.2474943211181465,-0.28506417004707496,12372.77,245923.83,0.23050495224902423
2010-11-13,Top-4 annual,4.0,annual,72600.0,276001.03,0.2517753516004365,-0.2688958871646906,4416.03,267813.61,0.2462241831439832
2010-11-13,Top-4 monthly,4.0,monthly,72600.0,266031.18,0.24499321868491963,-0.26158121785493116,8939.99,250928.74,0.23421934270915357
2010-11-13,Top-5 annual,5.0,annual,72600.0,242601.95,0.22799744214632656,-0.2742963859851263,5070.81,235061.88,0.22217520727486384
2010-11-13,Top-5 monthly,5.0,monthly,72600.0,239748.93,0.22581612979583177,-0.267955445578684,8079.54,225991.79,0.21491676277256355
2011-02-13,SPY,,buy & hold,72600.0,160066.92,0.151088359053421,-0.3373192381740515,0.0,160066.92,0.151088359053421
2011-02-13,SPYG,,buy & hold,72600.0,191957.81,0.18479106676312573,-0.3128011033591577,0.0,191957.81,0.18479106676312573
2011-02-13,Top-1 annual,1.0,annual,72600.0,329764.89,0.284636652096271,-0.3652472756444449,23207.29,299253.34,0.26672127418984315
2011-02-13,Top-1 monthly,1.0,monthly,72600.0,309915.01,0.27317900770221726,-0.37677509055079095,26631.68,263488.15,0.2432527271498356
2011-02-13,Top-2 annual,2.0,annual,72600.0,292062.09,0.2622353163930605,-0.2898521885080435,4956.43,284689.94,0.25752107901458643
2011-02-13,Top-2 monthly,2.0,monthly,72600.0,314755.98,0.276038825532242,-0.3068404128128105,21830.56,277781.2,0.2529915370798935
2011-02-13,Top-3 annual,3.0,annual,72600.0,287033.84,0.2590329622310231,-0.2961157331984825,10872.22,272709.2,0.24959414246545186
2011-02-13,Top-3 monthly,3.0,monthly,72600.0,286892.6,0.25894220445392857,-0.2850730304412188,12783.75,261488.49,0.2418482885357479
2011-02-13,Top-4 annual,4.0,annual,72600.0,300039.7,0.2672053053109421,-0.26889260607301746,6143.98,289600.19,0.26067430758195564
2011-02-13,Top-4 monthly,4.0,monthly,72600.0,288630.09,0.26005557355377096,-0.261587782165974,9632.45,271730.24,0.24893114850526266
2011-02-13,Top-5 annual,5.0,annual,72600.0,256891.42,0.2385783803843543,-0.2743029552677545,6562.84,247496.99,0.23170964834320606
2011-02-13,Top-5 monthly,5.0,monthly,72600.0,250478.7,0.2339176613451891,-0.2679624799826783,11134.45,233156.73,0.22070235393982174
2011-05-13,SPY,,buy & hold,72600.0,162865.0,0.15440803145699122,-0.33732575077150384,0.0,162865.0,0.15440803145699122
2011-05-13,SPYG,,buy & hold,72600.0,184241.48,0.17730509795320526,-0.3128079946243226,0.0,184241.48,0.17730509795320526
2011-05-13,Top-1 annual,1.0,annual,72600.0,294923.26,0.26418951006387215,-0.3652540223047064,22156.92,268003.82,0.2465323095398052
2011-05-13,Top-1 monthly,1.0,monthly,72600.0,278043.05,0.25331577527144666,-0.37681230884376493,25569.3,236853.43,0.22373830214987123
2011-05-13,Top-2 annual,2.0,annual,72600.0,270383.01,0.24816257868429903,-0.28986127922321303,4634.13,263775.96,0.24359928181277735
2011-05-13,Top-2 monthly,2.0,monthly,72600.0,290397.83,0.2613363409961641,-0.30685045741967654,21037.52,256706.19,0.2385879762108566
2011-05-13,Top-3 annual,3.0,annual,72600.0,265501.77,0.24480217794959025,-0.2961229663524536,10270.33,252498.06,0.2355390352502601
2011-05-13,Top-3 monthly,3.0,monthly,72600.0,265981.61,0.2451352390493774,-0.2850818361900681,12603.44,242558.17,0.22812979932189859
2011-05-13,Top-4 annual,4.0,annual,72600.0,286216.59,0.25866061072689017,-0.26888930466268723,5786.29,276559.8,0.252329085619046
2011-05-13,Top-4 monthly,4.0,monthly,72600.0,275037.12,0.2513106654250016,-0.26159428564361664,10166.48,258380.56,0.23978720857554403
2011-05-13,Top-5 annual,5.0,annual,72600.0,251531.72,0.23483169428538508,-0.2743096323659837,6174.18,242701.16,0.22823853325312327
2011-05-13,Top-5 monthly,5.0,monthly,72600.0,240796.51,0.22678487197287345,-0.26796961959797194,9871.67,225282.45,0.2144937050530843
2011-08-13,SPY,,buy & hold,72600.0,172282.02,0.16481025904469904,-0.33733265886356956,0.0,172282.02,0.16481025904469904
2011-08-13,SPYG,,buy & hold,72600.0,204812.69,0.19684366058358005,-0.3128152441609101,0.0,204812.69,0.19684366058358005
2011-08-13,Top-1 annual,1.0,annual,72600.0,339827.79,0.2902883522721268,-0.36526165383270215,21067.11,309576.61,0.2730720795614622
2011-08-13,Top-1 monthly,1.0,monthly,72600.0,321480.43,0.2800370890950167,-0.37686500299111336,24462.76,274755.63,0.2510591609658829
2011-08-13,Top-2 annual,2.0,annual,72600.0,312139.46,0.274593740777073,-0.2898715138103042,4319.36,305284.66,0.27049560937527517
2011-08-13,Top-2 monthly,2.0,monthly,72600.0,334336.93,0.28727884634119494,-0.30686190519001333,19979.3,296667.85,0.2652126712284416
2011-08-13,Top-3 annual,3.0,annual,72600.0,292701.54,0.2627295362562846,-0.2961311483701303,9643.82,279566.41,0.2542605025392025
2011-08-13,Top-3 monthly,3.0,monthly,72600.0,296368.66,0.26502651026318647,-0.28509188773610183,16991.54,266212.2,0.2452335377300191
2011-08-13,Top-4 annual,4.0,annual,72600.0,322992.43,0.28090345743946366,-0.2688855125107402,5403.04,312913.8,0.2750510654575432
2011-08-13,Top-4 monthly,4.0,monthly,72600.0,309574.47,0.2730708011738544,-0.26160167267659884,10764.66,290658.44,0.2614373632909607
2011-08-13,Top-5 annual,5.0,annual,72600.0,285036.07,0.25783426996367076,-0.2743170182967589,5777.62,275734.0,0.25171472644636317
2011-08-13,Top-5 monthly,5.0,monthly,72600.0,272170.0,0.2493153755023737,-0.26797777164719205,10251.89,254753.89,0.23711970465670074
2011-11-13,SPY,,buy & hold,72600.0,174144.63,0.16683023149316611,-0.337341585264625,0.0,174144.63,0.16683023149316611
2011-11-13,SPYG,,buy & hold,72600.0,211267.49,0.20260608746655995,-0.31282436305498695,0.0,211267.49,0.20260608746655995
2011-11-13,Top-1 annual,1.0,annual,72600.0,327277.83,0.2833760381708009,-0.3652714140354194,19791.1,299088.87,0.26674881731432165
2011-11-13,Top-1 monthly,1.0,monthly,72600.0,315205.49,0.2764358061108966,-0.37695506720078875,38522.0,255248.03,0.23751005705025408
2011-11-13,Top-2 annual,2.0,annual,72600.0,324313.92,0.28169584394386604,-0.28988303074542654,3997.55,317880.29,0.27799590431156596
2011-11-13,Top-2 monthly,2.0,monthly,72600.0,344323.88,0.29275699141095834,-0.3068749077867565,19209.64,306360.42,0.27118190376875806
2011-11-13,Top-3 annual,3.0,annual,72600.0,302201.11,0.2686591322404873,-0.29614039431165584,8994.0,289629.14,0.26081881939265184
2011-11-13,Top-3 monthly,3.0,monthly,72600.0,306495.21,0.2712630853276251,-0.28510323110148994,16592.21,276212.89,0.2520695447896705
2011-11-13,Top-4 annual,4.0,annual,72600.0,333597.1,0.28690873530816263,-0.2688811099571885,4995.89,324003.32,0.2815188971007955
2011-11-13,Top-4 monthly,4.0,monthly,72600.0,319669.12,0.2790320292605585,-0.2616101023089391,10992.16,300273.08,0.2674780080205098
2011-11-13,Top-5 annual,5.0,annual,72600.0,286729.83,0.25896274177205714,-0.27432560023403185,5337.51,278038.08,0.2532843936146506
2011-11-13,Top-5 monthly,5.0,monthly,72600.0,264115.59,0.24380909798261186,-0.2679872667849793,12469.34,245161.55,0.23007279072757647
2012-02-13,SPY,,buy & hold,72600.0,158748.5,0.14964387477999874,-0.3373507392970412,0.0,158748.5,0.14964387477999874
2012-02-13,SPYG,,buy & hold,72600.0,182306.11,0.17534975912703488,-0.3128337432147371,0.0,182306.11,0.17534975912703488
2012-02-13,Top-1 annual,1.0,annual,72600.0,353427.97,0.29761939962240314,-0.3652810117105336,18696.47,323888.97,0.28148990918420524
2012-02-13,Top-1 monthly,1.0,monthly,72600.0,305688.83,0.2708119302803168,-0.3770781995595336,37359.36,249091.4,0.23303735578910045
2012-02-13,Top-2 annual,2.0,annual,72600.0,306091.34,0.2710548165532164,-0.2898950572191603,4543.9,299831.89,0.2672413589935355
2012-02-13,Top-2 monthly,2.0,monthly,72600.0,327740.91,0.28367362150596775,-0.3068886840763798,19904.66,291063.21,0.2617641557757492
2012-02-13,Top-3 annual,3.0,annual,72600.0,277442.82,0.25292221383750946,-0.29615016424792073,12606.93,262510.63,0.2427169145140341
2012-02-13,Top-3 monthly,3.0,monthly,72600.0,283545.79,0.25693632662414345,-0.28511523744440126,17416.99,255043.1,0.23739337799100768
2012-02-13,Top-4 annual,4.0,annual,72600.0,298533.73,0.2664405957760544,-0.2688764389413886,7121.91,288065.88,0.25985425247915017
2012-02-13,Top-4 monthly,4.0,monthly,72600.0,288219.88,0.2599528638090297,-0.2616190876318526,12009.71,269915.02,0.24784788185272422
2012-02-13,Top-5 annual,5.0,annual,72600.0,244552.31,0.22964439169744832,-0.2743345927994699,9851.72,232708.09,0.22048343263518577
2012-02-13,Top-5 monthly,5.0,monthly,72600.0,232697.27,0.22047485360119323,-0.2679974213514412,13525.02,215253.21,0.20608685425787698
2012-05-13,SPY,,buy & hold,72600.0,140669.51,0.12708600206707865,-0.337359713543932,0.0,140669.51,0.12708600206707865
2012-05-13,SPYG,,buy & hold,72600.0,153451.74,0.14334147113435247,-0.31284305583019667,0.0,153451.74,0.14334147113435247
2012-05-13,Top-1 annual,1.0,annual,72600.0,296870.25,0.2654499277744299,-0.36529083161128895,17678.96,272594.06,0.2497078666979512
2012-05-13,Top-1 monthly,1.0,monthly,72600.0,258337.05,0.23979717817864954,-0.3772337252090153,35792.38,211088.14,0.2025077247988193
2012-05-13,Top-2 annual,2.0,annual,72600.0,260477.23,0.2413193134112267,-0.2899054566319904,4337.81,255190.47,0.23753618523685793
2012-05-13,Top-2 monthly,2.0,monthly,72600.0,278297.69,0.2535284384046129,-0.30690077500182,19123.44,247446.93,0.2318507257192276
2012-05-13,Top-3 annual,3.0,annual,72600.0,234139.29,0.2216488824900834,-0.29615873224472933,12003.28,221299.44,0.21123556165505175
2012-05-13,Top-3 monthly,3.0,monthly,72600.0,240429.24,0.2265416503188734,-0.2851257833323997,17138.33,216051.97,0.2068026759354481
2012-05-13,Top-4 annual,4.0,annual,72600.0,241841.85,0.22762274726797405,-0.26909391402302585,6746.15,233213.74,0.22091776123447648
2012-05-13,Top-4 monthly,4.0,monthly,72600.0,233667.62,0.22127665716632194,-0.2678581881632507,12656.82,217792.89,0.20828532921601728
2012-05-13,Top-5 annual,5.0,annual,72600.0,200301.44,0.19280930969874144,-0.29564758974008765,9312.31,190150.59,0.1831831966278964
2012-05-13,Top-5 monthly,5.0,monthly,72600.0,191668.8,0.18465588152046764,-0.28506695819517347,13534.99,176834.91,0.16972482745866635
2012-08-13,SPY,,buy & hold,72600.0,145057.47,0.1328543109892738,-0.3373702763258297,0.0,145057.47,0.1328543109892738
2012-08-13,SPYG,,buy & hold,72600.0,163988.72,0.15573520835571475,-0.3128538872941138,0.0,163988.72,0.15573520835571475
2012-08-13,Top-1 annual,1.0,annual,72600.0,332911.15,0.2866499626245639,-0.3653025813209895,16573.18,306623.16,0.27145552194938916
2012-08-13,Top-1 monthly,1.0,monthly,72600.0,292486.47,0.2627419404952015,-0.3773600260666776,34204.32,239834.64,0.22611721976527555
2012-08-13,Top-2 annual,2.0,annual,72600.0,288203.02,0.2600189891866621,-0.28991719048893494,4108.82,282678.94,0.256447321416554
2012-08-13,Top-2 monthly,2.0,monthly,72600.0,307199.8,0.2718024387134105,-0.30691455501734577,18677.1,273563.78,0.25039894254212414
2012-08-13,Top-3 annual,3.0,annual,72600.0,250914.46,0.234452105412167,-0.29616861059180444,11352.09,237991.88,0.2246935158038107
2012-08-13,Top-3 monthly,3.0,monthly,72600.0,258339.44,0.23983333385383332,-0.2851379032688032,16712.98,232463.93,0.22035505684890777
2012-08-13,Top-4 annual,4.0,annual,72600.0,266557.58,0.24561167704238052,-0.30975293901571743,6323.66,257792.1,0.2394419717788815
2012-08-13,Top-4 monthly,4.0,monthly,72600.0,258873.03,0.2402140587578544,-0.30796727949881986,12774.89,241368.68,0.2272940351350391
2012-08-13,Top-5 annual,5.0,annual,72600.0,221982.83,0.21183557857042545,-0.34277856320985955,8744.72,211793.92,0.20315397454877815
2012-08-13,Top-5 monthly,5.0,monthly,72600.0,213885.52,0.2049702086966586,-0.33341993694925287,13191.33,197771.0,0.19048472029780916
2012-11-13,SPY,,buy & hold,72600.0,131739.0,0.11481202262245793,-0.337381012144377,0.0,131739.0,0.11481202262245793
2012-11-13,SPYG,,buy & hold,72600.0,139620.6,0.12571941955795485,-0.3267664041395131,0.0,139620.6,0.12571941955795485
2012-11-13,Top-1 annual,1.0,annual,72600.0,278701.88,0.2538624987076622,-0.36531430436614587,15610.79,257166.8,0.23902238830296596
2012-11-13,Top-1 monthly,1.0,monthly,72600.0,247817.91,0.23218842656370853,-0.32911342249634756,32918.98,203697.48,0.19597170776020667
2012-11-13,Top-2 annual,2.0,annual,72600.0,240534.71,0.22668257792865665,-0.3001714607075707,3943.68,235815.55,0.2230247531406807
2012-11-13,Top-2 monthly,2.0,monthly,72600.0,256311.67,0.23840773036324336,-0.3069276169225843,18629.28,227685.5,0.21654654230021209
2012-11-13,Top-3 annual,3.0,annual,72600.0,203455.91,0.1957522039771754,-0.3426133453429062,10791.58,192584.91,0.18558903251010495
2012-11-13,Top-3 monthly,3.0,monthly,72600.0,210014.92,0.20161973800807542,-0.3467887567980982,16693.05,188349.96,0.18147016178580821
2012-11-13,Top-4 annual,4.0,annual,72600.0,207366.4,0.1992731898145944,-0.3793779841280903,5983.81,200266.63,0.1928291686297362
2012-11-13,Top-4 monthly,4.0,monthly,72600.0,201157.12,0.1936500681469996,-0.3787503209494799,12916.8,186502.65,0.1796436630233903
2012-11-13,Top-5 annual,5.0,annual,72600.0,167303.11,0.15947754141964243,-0.4124279735059825,8281.64,158842.79,0.14981907653022175
2012-11-13,Top-5 monthly,5.0,monthly,72600.0,160017.93,0.15119215128045094,-0.4039762992257716,13054.57,147256.35,0.13568534994968673
2013-02-13,SPY,,buy & hold,72600.0,132606.94,0.11589242336295535,-0.3373931159985454,0.0,132606.94,0.11589242336295535
2013-02-13,SPYG,,buy & hold,72600.0,136424.57,0.12121613464298175,-0.3267717178702879,0.0,136424.57,0.12121613464298175
2013-02-13,Top-1 annual,1.0,annual,72600.0,274764.39,0.2509243466619254,-0.3653280056237559,14599.41,254149.81,0.23654875389242525
2013-02-13,Top-1 monthly,1.0,monthly,72600.0,246158.05,0.23065897497166776,-0.32912643295806965,31339.74,203043.89,0.1951290874190389
2013-02-13,Top-2 annual,2.0,annual,72600.0,247059.56,0.23133290060484357,-0.3239405452565606,3935.0,241981.73,0.22750422177904517
2013-02-13,Top-2 monthly,2.0,monthly,72600.0,263585.9,0.24326845915003104,-0.31876561518004254,18401.78,233750.76,0.2211229332600474
2013-02-13,Top-3 annual,3.0,annual,72600.0,202515.97,0.194648041441562,-0.3520614624729145,10977.33,190842.54,0.18367094350018587
2013-02-13,Top-3 monthly,3.0,monthly,72600.0,210775.05,0.2020315167275556,-0.3514593166181016,16401.28,188741.47,0.18162247431365908
2013-02-13,Top-4 annual,4.0,annual,72600.0,204330.69,0.19629631574813267,-0.39531104969923825,6878.87,196090.6,0.1886884657288902
2013-02-13,Top-4 monthly,4.0,monthly,72600.0,199044.11,0.1914522359954679,-0.3926623978083229,13379.87,183278.62,0.17618497866778593
2013-02-13,Top-5 annual,5.0,annual,72600.0,152467.74,0.1419953701355735,-0.4602640323098717,7746.96,144330.32,0.13175856958822363
2013-02-13,Top-5 monthly,5.0,monthly,72600.0,157671.22,0.148246504806815,-0.4077620415773501,10350.42,147517.97,0.135838867917646
2013-05-13,SPY,,buy & hold,72600.0,128647.88,0.11037608242817398,-0.3374056435035866,0.0,128647.88,0.11037608242817398
2013-05-13,SPYG,,buy & hold,72600.0,135952.82,0.12076080191532046,-0.32677727684390345,0.0,135952.82,0.12076080191532046
2013-05-13,Top-1 annual,1.0,annual,72600.0,291240.77,0.26205141685059263,-0.3653472448175866,13306.75,270310.83,0.24828468076486898
2013-05-13,Top-1 monthly,1.0,monthly,72600.0,263122.54,0.2433099097842818,-0.3291448175953894,29325.69,218194.5,0.20873637695274072
2013-05-13,Top-2 annual,2.0,annual,72600.0,267881.18,0.24661815004815157,-0.3239378881230074,3652.74,262646.89,0.24297594716197224
2013-05-13,Top-2 monthly,2.0,monthly,72600.0,285114.58,0.25812665269924306,-0.3187665724554941,17437.95,253691.99,0.23657297864380122
2013-05-13,Top-3 annual,3.0,annual,72600.0,225742.09,0.2150197582181178,-0.3520611275050286,10210.22,213344.71,0.2045815949619293
2013-05-13,Top-3 monthly,3.0,monthly,72600.0,236325.2,0.22348155258127222,-0.35146105803250893,15878.19,211958.99,0.20337684504077214
2013-05-13,Top-4 annual,4.0,annual,72600.0,225055.21,0.2144567933037359,-0.39531297190646497,6371.48,216556.82,0.20734395390365556
2013-05-13,Top-4 monthly,4.0,monthly,72600.0,219942.64,0.21021107469848388,-0.3926649795599516,13209.55,202574.3,0.1950007510033317
2013-05-13,Top-5 annual,5.0,annual,72600.0,165525.49,0.15753402022094443,-0.4602768530008152,7205.94,157051.17,0.14774603373883355
2013-05-13,Top-5 monthly,5.0,monthly,72600.0,170016.73,0.16251289475418973,-0.40776217977299034,10309.5,159003.27,0.15004857440234332
2013-08-13,SPY,,buy & hold,72600.0,135716.87,0.12045333331651087,-0.33741856737793785,0.0,135716.87,0.12045333331651087
2013-08-13,SPYG,,buy & hold,72600.0,142941.25,0.13017860423247207,-0.32678294133310326,0.0,142941.25,0.13017860423247207
2013-08-13,Top-1 annual,1.0,annual,72600.0,281951.72,0.25610558468160904,-0.365370267738756,11995.91,262690.05,0.24304259833885167
2013-08-13,Top-1 monthly,1.0,monthly,72600.0,257957.04,0.23968619833643168,-0.3291651973282367,27396.87,215045.75,0.20608068516095768
2013-08-13,Top-2 annual,2.0,annual,72600.0,265197.29,0.24479616080210975,-0.3239349753714774,3368.19,260298.83,0.24135450996843988
2013-08-13,Top-2 monthly,2.0,monthly,72600.0,281623.06,0.25589025192612,-0.3187676306921009,16774.53,251099.35,0.2347119755134911
2013-08-13,Top-3 annual,3.0,annual,72600.0,228082.5,0.2169576211491867,-0.35206077814591463,9502.3,215990.0,0.2068906616168159
2013-08-13,Top-3 monthly,3.0,monthly,72600.0,240289.83,0.2265874291663158,-0.35146290212616005,15237.49,215954.29,0.2068600903981047
2013-08-13,Top-4 annual,4.0,annual,72600.0,237906.78,0.22474688140610188,-0.3953150100377004,5908.68,229401.53,0.21802288813046677
2013-08-13,Top-4 monthly,4.0,monthly,72600.0,233487.81,0.2212842029262373,-0.392667655434944,13198.86,214981.57,0.2060255044064846
2013-08-13,Top-5 annual,5.0,annual,72600.0,176290.09,0.1692701613615638,-0.4602899324203892,6728.46,167583.62,0.15985712054008505
2013-08-13,Top-5 monthly,5.0,monthly,72600.0,178874.82,0.1719724996217843,-0.40776232648886446,10126.18,167401.69,0.15965507481415753
2013-11-13,SPY,,buy & hold,72600.0,130649.85,0.1131511691065602,-0.33743259430117667,0.0,130649.85,0.1131511691065602
2013-11-13,SPYG,,buy & hold,72600.0,139443.3,0.12537195777794674,-0.3267889975043864,0.0,139443.3,0.12537195777794674
2013-11-13,Top-1 annual,1.0,annual,72600.0,277020.82,0.2525399566263039,-0.36539402602889515,10889.98,258996.07,0.24013357298793758
2013-11-13,Top-1 monthly,1.0,monthly,72600.0,253891.0,0.23646250042467065,-0.32918995119795047,25382.03,212987.64,0.2040481156928452
2013-11-13,Top-2 annual,2.0,annual,72600.0,276650.44,0.2522932340877172,-0.32393188942653806,3096.04,271836.97,0.24905652939229028
2013-11-13,Top-2 monthly,2.0,monthly,72600.0,293164.47,0.26298626699141303,-0.31876876260657916,16065.83,262167.79,0.24237804327086565
2013-11-13,Top-3 annual,3.0,annual,72600.0,232265.62,0.22004241109927947,-0.35206041039992997,8833.75,220405.62,0.21036967568631038
2013-11-13,Top-3 monthly,3.0,monthly,72600.0,245984.73,0.2306283402424968,-0.35146493565825776,14839.92,221372.19,0.21117746291747708
2013-11-13,Top-4 annual,4.0,annual,72600.0,239971.13,0.22606323067705858,-0.39531724086073294,5464.02,231848.26,0.219710575457693
2013-11-13,Top-4 monthly,4.0,monthly,72600.0,236339.77,0.22325046973690277,-0.3926706496600396,13186.84,217558.07,0.20796888650008183
2013-11-13,Top-5 annual,5.0,annual,72600.0,176698.32,0.1694842142602181,-0.46030433975082563,6260.81,168309.82,0.16045627043549338
2013-11-13,Top-5 monthly,5.0,monthly,72600.0,186190.24,0.17918189764109338,-0.40776249473806603,10099.88,174276.21,0.16692368073292008
2014-02-13,SPY,,buy & hold,72600.0,143100.2,0.13017020297893878,-0.3374472545106637,0.0,143100.2,0.13017020297893878
2014-02-13,SPYG,,buy & hold,72600.0,154152.07,0.14405547814884956,-0.3267952297599719,0.0,154152.07,0.14405547814884956
2014-02-13,Top-1 annual,1.0,annual,72600.0,262579.87,0.2425831850247081,-0.36541990964677984,9890.15,246327.53,0.23080466877952055
2014-02-13,Top-1 monthly,1.0,monthly,72600.0,244443.15,0.22938883252774855,-0.3292173114682426,27491.39,202369.72,0.1945308871315944
2014-02-13,Top-2 annual,2.0,annual,72600.0,279850.38,0.2543255895924149,-0.3239287449811167,3177.98,274882.8,0.2510238794104126
2014-02-13,Top-2 monthly,2.0,monthly,72600.0,295534.44,0.2643796391723886,-0.31876992603369847,15546.83,264699.91,0.24406550329204524
2014-02-13,Top-3 annual,3.0,annual,72600.0,237452.8,0.2240389567820037,-0.35206003179534007,8391.05,225544.14,0.2145485383792315
2014-02-13,Top-3 monthly,3.0,monthly,72600.0,252365.87,0.2352694018225402,-0.35146708299906704,14478.19,227383.57,0.21604702352267824
2014-02-13,Top-4 annual,4.0,annual,72600.0,251778.46,0.23483980320994824,-0.39531959669389616,5584.93,243107.66,0.22837874857657325
2014-02-13,Top-4 monthly,4.0,monthly,72600.0,248529.83,0.23244564458054262,-0.3926737351050491,13096.08,228739.68,0.21714394614625976
2014-02-13,Top-5 annual,5.0,annual,72600.0,202003.02,0.1941957289410109,-0.46031909518511915,5847.06,192721.81,0.18549940848827873
2014-02-13,Top-5 monthly,5.0,monthly,72600.0,209709.22,0.2011121903641112,-0.40776267556721413,10309.47,196024.57,0.1886421213661965
2014-05-13,SPY,,buy & hold,72600.0,147087.29,0.13538915382337302,-0.3374629037953851,0.0,147087.29,0.13538915382337302
2014-05-13,SPYG,,buy & hold,72600.0,157306.33,0.14791934784434935,-0.3268017070783179,0.0,157306.33,0.14791934784434935
2014-05-13,Top-1 annual,1.0,annual,72600.0,250023.65,0.2336880561103808,-0.36544981692428236,8923.78,235407.25,0.2225751741246481
2014-05-13,Top-1 monthly,1.0,monthly,72600.0,235577.9,0.22270888161215996,-0.3292489249466902,25440.86,196452.9,0.18915957769123237
2014-05-13,Top-2 annual,2.0,annual,72600.0,271606.98,0.24895955330725317,-0.32392532610521263,2910.68,267040.54,0.24583236749730253
2014-05-13,Top-2 monthly,2.0,monthly,72600.0,286337.01,0.2587008930667535,-0.31877121111224527,15511.45,256424.52,0.23835060957602205
2014-05-13,Top-3 annual,3.0,annual,72600.0,241423.47,0.2272311498894587,-0.35205963396179163,7803.29,229697.38,0.21804398854456764
2014-05-13,Top-3 monthly,3.0,monthly,72600.0,247635.27,0.23191755359452382,-0.3514694251546523,15301.46,222216.7,0.21193226075077354
2014-05-13,Top-4 annual,4.0,annual,72600.0,258465.36,0.2398126984810064,-0.39532215189968956,5176.37,249952.04,0.23363522162655304
2014-05-13,Top-4 monthly,4.0,monthly,72600.0,252294.97,0.2353561106034353,-0.39267712039387714,18109.7,227039.62,0.21589594301370518
2014-05-13,Top-5 annual,5.0,annual,72600.0,217728.55,0.20816470401541365,-0.46033487594631917,5458.69,208042.12,0.19975766781261017
2014-05-13,Top-5 monthly,5.0,monthly,72600.0,224781.18,0.21405057359605684,-0.40776287785441856,11636.77,208795.58,0.20042573320683055
2014-08-13,SPY,,buy & hold,72600.0,149285.46,0.13811687238943826,-0.337479630266456,0.0,149285.46,0.13811687238943826
2014-08-13,SPYG,,buy & hold,72600.0,162683.31,0.15412903776636633,-0.32680858319741357,0.0,162683.31,0.15412903776636633
2014-08-13,Top-1 annual,1.0,annual,72600.0,282281.11,0.25599667970998763,-0.36548024956470315,8132.86,266586.01,0.24544803436332063
2014-08-13,Top-1 monthly,1.0,monthly,72600.0,229459.31,0.21778922753104857,-0.32928109375984893,25314.5,190991.44,0.1838870100593072
2014-08-13,Top-2 annual,2.0,annual,72600.0,284468.76,0.2574203556254401,-0.32392196595530576,2695.88,279882.77,0.254423202347536
2014-08-13,Top-2 monthly,2.0,monthly,72600.0,299580.02,0.26696679818020497,-0.3187724971506636,15897.24,267893.15,0.24634992275776446
2014-08-13,Top-3 annual,3.0,annual,72600.0,241995.46,0.2276019215813131,-0.3520592424690422,7293.27,230555.66,0.2186687090144791
2014-08-13,Top-3 monthly,3.0,monthly,72600.0,276103.1,0.25191600004825465,-0.3514717956421526,16122.46,247156.09,0.23149351763712767
2014-08-13,Top-4 annual,4.0,annual,72600.0,249781.07,0.23344178672389748,-0.39532477643975383,4831.2,241821.63,0.22746939010926404
2014-08-13,Top-4 monthly,4.0,monthly,72600.0,268713.2,0.24691349421054454,-0.39268067370293647,18615.51,241592.21,0.22729432765548363
2014-08-13,Top-5 annual,5.0,annual,72600.0,228080.84,0.21667739016127008,-0.4603512536675195,5112.14,218215.2,0.2085159390407091
2014-08-13,Top-5 monthly,5.0,monthly,72600.0,231412.93,0.2193534677319341,-0.40776309958996115,12492.04,214144.97,0.20503932982716744
2014-11-13,SPY,,buy & hold,72600.0,160319.14,0.15135545144441942,-0.33749797091502576,0.0,160319.14,0.15135545144441942
2014-11-13,SPYG,,buy & hold,72600.0,176156.81,0.1688515044650586,-0.32681594357975285,0.0,176156.81,0.1688515044650586
2014-11-13,Top-1 annual,1.0,annual,72600.0,273876.64,0.2503429682100512,-0.365512254194013,7454.18,259338.87,0.24028900331071112
2014-11-13,Top-1 monthly,1.0,monthly,72600.0,223037.28,0.2124819573077371,-0.3293149242433765,23694.47,186801.05,0.17972121415957598
2014-11-13,Top-2 annual,2.0,annual,72600.0,279616.98,0.2541668029672194,-0.32391842277019334,2508.4,275271.02,0.25127911569892036
2014-11-13,Top-2 monthly,2.0,monthly,72600.0,299632.83,0.2669143048033654,-0.31877388169415743,21964.33,261888.37,0.24209229778406816
2014-11-13,Top-3 annual,3.0,annual,72600.0,242660.93,0.22803502259306707,-0.3520588442788658,6823.16,231489.06,0.21934337512200963
2014-11-13,Top-3 monthly,3.0,monthly,72600.0,291690.46,0.2619603968833052,-0.3514742877821122,16480.35,260968.89,0.24144396926190914
2014-11-13,Top-4 annual,4.0,annual,72600.0,262559.03,0.24256374510603573,-0.3953275324158857,4514.06,254487.28,0.23680783036926012
2014-11-13,Top-4 monthly,4.0,monthly,72600.0,282669.03,0.25616813146949935,-0.3926844180754765,18632.5,254414.33,0.23675498384381688
2014-11-13,Top-5 annual,5.0,annual,72600.0,252964.88,0.23570174047524517,-0.460368327320806,4801.91,242279.11,0.22774468053821295
2014-11-13,Top-5 monthly,5.0,monthly,72600.0,250797.06,0.23411514003457878,-0.40776334487042676,12740.92,232217.73,0.2199230409029217
2015-02-13,SPY,,buy & hold,72600.0,159609.66,0.15048108660000048,-0.33751780662313957,0.0,159609.66,0.15048108660000048
2015-02-13,SPYG,,buy & hold,72600.0,179853.78,0.17264554120079378,-0.32682371627507223,0.0,179853.78,0.17264554120079378
2015-02-13,Top-1 annual,1.0,annual,72600.0,281155.0,0.2550969800064088,-0.36554577301467617,6875.11,266838.14,0.24546557916431133
2015-02-13,Top-1 monthly,1.0,monthly,72600.0,229395.8,0.21759818245166673,-0.3293503553024071,22364.01,193399.34,0.1860845249952231
2015-02-13,Top-2 annual,2.0,annual,72600.0,274013.13,0.25035519288144414,-0.32391464148324356,15861.81,256387.4,0.23810317925579338
2015-02-13,Top-2 monthly,2.0,monthly,72600.0,265404.97,0.24447317765733556,-0.31877538220467994,20984.59,232640.53,0.22018806219833353
2015-02-13,Top-3 annual,3.0,annual,72600.0,238950.33,0.2251217488500038,-0.3520584338205973,10102.16,224504.06,0.21362290298881226
2015-02-13,Top-3 monthly,3.0,monthly,72600.0,277425.36,0.2526358987091736,-0.3514769218638273,16944.94,247503.27,0.23160398021880602
2015-02-13,Top-4 annual,4.0,annual,72600.0,257198.82,0.23868547985257116,-0.39533044196771905,9889.26,243829.67,0.22884781620122896
2015-02-13,Top-4 monthly,4.0,monthly,72600.0,269046.52,0.24698439796249672,-0.39268836971951493,20377.07,239922.39,0.22587012652060479
2015-02-13,Top-5 annual,5.0,annual,72600.0,243461.31,0.22856914712273502,-0.4603866255330741,6837.25,231095.65,0.21895955088212882
2015-02-13,Top-5 monthly,5.0,monthly,72600.0,246546.12,0.23088984664832235,-0.4077636142202592,13335.56,227571.62,0.2161258689481994
2015-05-13,SPY,,buy & hold,72600.0,149928.43,0.1389817893055899,-0.33753932677031173,0.0,149928.43,0.1389817893055899
2015-05-13,SPYG,,buy & hold,72600.0,168279.34,0.16048633088893205,-0.3268318973423986,0.0,168279.34,0.16048633088893205
2015-05-13,Top-1 annual,1.0,annual,72600.0,238650.98,0.22513013112814317,-0.3655791557914181,6416.4,226883.85,0.2157981315825045
2015-05-13,Top-1 monthly,1.0,monthly,72600.0,195117.05,0.18792282847219133,-0.333472282670623,21147.5,165206.6,0.15706064726238134
2015-05-13,Top-2 annual,2.0,annual,72600.0,243001.74,0.2284635538185379,-0.33803138574887637,15055.57,226592.29,0.215560752869704
2015-05-13,Top-2 monthly,2.0,monthly,72600.0,248869.34,0.23286530747439416,-0.31877695404354733,19736.54,218952.31,0.20922784513948056
2015-05-13,Top-3 annual,3.0,annual,72600.0,224086.07,0.21350742947168422,-0.35205799346164146,9484.19,210787.31,0.20220729532886883
2015-05-13,Top-3 monthly,3.0,monthly,72600.0,260426.7,0.24123874101396614,-0.3514798622271358,17164.35,231821.08,0.21977175863487408
2015-05-13,Top-4 annual,4.0,annual,72600.0,233551.98,0.22114463948402652,-0.39533369868799606,9284.47,221420.71,0.21129808270857542
2015-05-13,Top-4 monthly,4.0,monthly,72600.0,248916.6,0.23290033675330546,-0.39269274604623605,19097.91,222573.51,0.21225693375153398
2015-05-13,Top-5 annual,5.0,annual,72600.0,220332.53,0.21038833064511453,-0.46040719914255757,6404.0,209354.83,0.20094718137611756
2015-05-13,Top-5 monthly,5.0,monthly,72600.0,223153.36,0.21273733230350167,-0.4077639292934172,13666.48,205326.62,0.19735610839205064
2015-08-13,SPY,,buy & hold,72600.0,160573.42,0.15172134720088415,-0.3375635028962046,0.0,160573.42,0.15172134720088415
2015-08-13,SPYG,,buy & hold,72600.0,183853.32,0.1768577840587121,-0.3268408937635563,0.0,183853.32,0.1768577840587121
2015-08-13,Top-1 annual,1.0,annual,72600.0,251702.76,0.23488549970877826,-0.36561731361891725,5967.6,239724.37,0.22589218473328632
2015-08-13,Top-1 monthly,1.0,monthly,72600.0,224567.41,0.21384056884734848,-0.3334658156383371,19855.35,191133.26,0.1840489737337364
2015-08-13,Top-2 annual,2.0,annual,72600.0,292027.96,0.26229073402435665,-0.33802267499526006,14230.41,275682.87,0.2516674523907739
2015-08-13,Top-2 monthly,2.0,monthly,72600.0,286969.87,0.2590678913601182,-0.31877880335731323,21348.97,250726.2,0.23416857409146374
2015-08-13,Top-3 annual,3.0,annual,72600.0,260968.1,0.2415519832017642,-0.35205752998467266,8886.27,246573.72,0.23108845988624693
2015-08-13,Top-3 monthly,3.0,monthly,72600.0,303729.16,0.26953868928943303,-0.3514832800073143,17357.72,270544.73,0.24819794200479672
2015-08-13,Top-4 annual,4.0,annual,72600.0,274087.93,0.250597427434308,-0.39533733379846014,8687.6,261332.78,0.24180950257514489
2015-08-13,Top-4 monthly,4.0,monthly,72600.0,280628.29,0.2549464374105551,-0.3926976463815157,19018.1,250734.76,0.23417486402135668
2015-08-13,Top-5 annual,5.0,annual,72600.0,252354.02,0.23536205843583302,-0.4604300013105065,5973.01,240547.15,0.22652422431020536
2015-08-13,Top-5 monthly,5.0,monthly,72600.0,255705.84,0.23779542711676582,-0.40776429908151546,14152.85,235041.03,0.2222524060686445
2015-11-13,SPY,,buy & hold,72600.0,162426.58,0.15380870534459457,-0.33759248603350567,0.0,162426.58,0.15380870534459457
2015-11-13,SPYG,,buy & hold,72600.0,185585.26,0.17854035897140752,-0.3268512080499486,0.0,185585.26,0.17854035897140752
2015-11-13,Top-1 annual,1.0,annual,72600.0,280562.99,0.25482913146693986,-0.3656684706678689,5424.07,267904.51,0.2463172581446923
2015-11-13,Top-1 monthly,1.0,monthly,72600.0,220412.68,0.2103304750185474,-0.333457692731259,18486.45,188692.72,0.18161473183451438
2015-11-13,Top-2 annual,2.0,annual,72600.0,302412.8,0.26865936100697374,-0.3380119371544562,13293.67,286920.83,0.2589609215651786
2015-11-13,Top-2 monthly,2.0,monthly,72600.0,277582.55,0.2528600015164756,-0.3187811002280234,25551.67,238260.7,0.22469579069665635
2015-11-13,Top-3 annual,3.0,annual,72600.0,258891.35,0.24000801626306212,-0.35205698980171174,8208.85,245248.31,0.2300263483083692
2015-11-13,Top-3 monthly,3.0,monthly,72600.0,303403.84,0.26926288511435004,-0.3514876008408969,17537.9,270278.03,0.2479434349822448
2015-11-13,Top-4 annual,4.0,annual,72600.0,291768.85,0.2620507585713955,-0.39534178165039,8021.31,279256.69,0.25396865845014716
2015-11-13,Top-4 monthly,4.0,monthly,72600.0,297632.03,0.26572013067101585,-0.3927036748122119,19681.54,265168.48,0.24442475412082054
2015-11-13,Top-5 annual,5.0,annual,72600.0,267053.95,0.24573100812779203,-0.46045747872984744,5494.76,255302.42,0.23743432716014767
2015-11-13,Top-5 monthly,5.0,monthly,72600.0,271955.47,0.24908412654631673,-0.40776476726664046,14423.8,250019.56,0.23357912798312264
2016-02-13,SPY,,buy & hold,72600.0,159998.7,0.15096028081821322,-0.3376247780200262,0.0,159998.7,0.15096028081821322
2016-02-13,SPYG,,buy & hold,72600.0,176357.63,0.16903753519863052,-0.32686223843035545,0.0,176357.63,0.16903753519863052
2016-02-13,Top-1 annual,1.0,annual,72600.0,255651.85,0.23761640078795965,-0.36573178033334397,29435.86,220266.49,0.21014511385582868
2016-02-13,Top-1 monthly,1.0,monthly,72600.0,205033.25,0.19691425758508385,-0.3334484185807225,17094.88,176681.47,0.16937765078065892
2016-02-13,Top-2 annual,2.0,annual,72600.0,275345.27,0.2512943417213035,-0.3380001728953973,13599.64,260395.07,0.24100478180167084
2016-02-13,Top-2 monthly,2.0,monthly,72600.0,245686.24,0.2302871356354711,-0.31878348232339404,24629.68,211140.03,0.20233447590381315
2016-02-13,Top-3 annual,3.0,annual,72600.0,232478.13,0.22009855795176547,-0.35205646390286993,14965.09,213206.69,0.20413276431414895
2016-02-13,Top-3 monthly,3.0,monthly,72600.0,275281.4,0.2512515789749826,-0.35149212484313885,21769.24,240971.36,0.22671483343387766
2016-02-13,Top-4 annual,4.0,annual,72600.0,264472.41,0.24386844986947043,-0.39534656149727243,10022.2,251013.32,0.2342413135682483
2016-02-13,Top-4 monthly,4.0,monthly,72600.0,269489.68,0.24733228515475203,-0.3927100906981337,20277.57,239165.72,0.22532810054766006
2016-02-13,Top-5 annual,5.0,annual,72600.0,237428.65,0.2239840557703111,-0.4604868462980367,7536.76,224926.49,0.2140077061394482
2016-02-13,Top-5 monthly,5.0,monthly,72600.0,241372.26,0.22702129992369569,-0.4077652901961385,15455.16,220724.05,0.21052801765700535
2016-05-13,SPY,,buy & hold,72600.0,168705.19,0.16097882237874261,-0.3376636809058128,0.0,168705.19,0.16097882237874261
2016-05-13,SPYG,,buy & hold,72600.0,195856.71,0.18864970798984737,-0.32687518900626955,0.0,195856.71,0.18864970798984737
2016-05-13,Top-1 annual,1.0,annual,72600.0,297194.76,0.265639462065243,-0.36581723455172566,27076.31,262879.68,0.24300248163303417
2016-05-13,Top-1 monthly,1.0,monthly,72600.0,239082.32,0.2254952803502831,-0.33343709146949096,15593.36,207694.13,0.19950352749423794
2016-05-13,Top-2 annual,2.0,annual,72600.0,312202.09,0.27473306794227914,-0.3379858309283871,12511.01,296055.93,0.2649309068136193
2016-05-13,Top-2 monthly,2.0,monthly,72600.0,271230.8,0.24877186940585083,-0.3187864260921187,22008.29,235360.51,0.22259970736421886
2016-05-13,Top-3 annual,3.0,annual,72600.0,272751.91,0.24980359162234833,-0.3520558667458562,13737.4,252587.44,0.23563434389225668
2016-05-13,Top-3 monthly,3.0,monthly,72600.0,322652.14,0.2808130393622378,-0.35149767277615007,20753.67,283556.51,0.2569709705532993
2016-05-13,Top-4 annual,4.0,annual,72600.0,296581.43,0.2652581981496872,-0.3953523139836287,9183.47,282560.77,0.2563219189307079
2016-05-13,Top-4 monthly,4.0,monthly,72600.0,301288.61,0.2681644960485777,-0.3927176903221492,19844.06,267650.4,0.24632039204092793
2016-05-13,Top-5 annual,5.0,annual,72600.0,275398.75,0.2515852580882819,-0.4605208434202587,6935.81,261989.36,0.24237662583296238
2016-05-13,Top-5 monthly,5.0,monthly,72600.0,278950.94,0.2539496754405398,-0.407765932855247,15493.23,255163.03,0.23750603156493855
2016-08-13,SPY,,buy & hold,72600.0,171159.25,0.1636140976931525,-0.33770756499157295,0.0,171159.25,0.1636140976931525
2016-08-13,SPYG,,buy & hold,72600.0,195613.24,0.18836568926289676,-0.3268893284169303,0.0,195613.24,0.18836568926289676
2016-08-13,Top-1 annual,1.0,annual,72600.0,276046.85,0.2519509130747416,-0.3659413649281096,24483.14,245796.75,0.23054280979972253
2016-08-13,Top-1 monthly,1.0,monthly,72600.0,222829.06,0.21243956834209088,-0.3334226811354968,13939.33,195559.57,0.1883149179673428
2016-08-13,Top-2 annual,2.0,annual,72600.0,294712.82,0.2640212138138235,-0.3379683216938373,11334.63,280152.25,0.2546739379958781
2016-08-13,Top-2 monthly,2.0,monthly,72600.0,245966.05,0.23066983183638812,-0.3187901181235019,20004.86,215078.23,0.20590181388809714
2016-08-13,Top-3 annual,3.0,annual,72600.0,244739.68,0.22974775050175278,-0.3520552033320362,12439.29,227204.32,0.21602915455056493
2016-08-13,Top-3 monthly,3.0,monthly,72600.0,290209.37,0.2611801767576435,-0.3515045582739281,19806.23,255908.96,0.2379795862295654
2016-08-13,Top-4 annual,4.0,annual,72600.0,280478.23,0.2548884456360868,-0.395359305782211,8314.74,267919.77,0.24643915165865027
2016-08-13,Top-4 monthly,4.0,monthly,72600.0,290898.9,0.2616179995484228,-0.3927267949421688,20138.03,257856.94,0.23937826547923302
2016-08-13,Top-5 annual,5.0,annual,72600.0,261389.38,0.2418878281103677,-0.4605603580810226,6331.89,249273.87,0.23313406263199188
2016-08-13,Top-5 monthly,5.0,monthly,72600.0,269196.65,0.24731609237145669,-0.4077667236737842,16225.86,245375.15,0.23022612472017878
