strategy,median_irr,worst_irr,best_irr,median_after_tax_irr,worst_after_tax_irr,median_taxes,beats_spyg_roth,beats_spyg_taxable
Top-2 annual,0.2448,0.0629,0.2817,0.2381,0.0614,3586.93,0.7073170731707317,0.7073170731707317
Top-1 annual,0.2426,0.095,0.2976,0.2305,0.0912,10816.72,0.9512195121951219,0.926829268292683
Top-2 monthly,0.2433,0.0831,0.2928,0.2202,0.0767,16774.53,0.8292682926829268,0.7317073170731707
Top-4 annual,0.2247,0.0834,0.2869,0.218,0.081,5222.82,0.8536585365853658,0.8292682926829268
Top-4 monthly,0.2213,0.0723,0.279,0.208,0.0679,10764.66,0.8292682926829268,0.7804878048780488
Top-3 annual,0.22,0.0847,0.2687,0.2069,0.0816,8122.01,0.8536585365853658,0.8536585365853658
Top-3 monthly,0.2266,0.0638,0.2808,0.2069,0.0601,14478.19,0.7560975609756098,0.7073170731707317
Top-1 monthly,0.2125,0.073,0.28,0.184,0.0697,21147.5,0.8780487804878049,0.7804878048780488
Top-5 annual,0.1928,0.0865,0.259,0.1832,0.084,5494.76,0.8048780487804879,0.7804878048780488
Top-5 monthly,0.1847,0.0808,0.2539,0.1731,0.0752,10126.18,0.8292682926829268,0.7317073170731707
SPYG,0.1511,0.1152,0.2026,0.1511,0.1152,0.0,0.0,0.0
SPY,0.1334,0.1051,0.1668,0.1334,0.1051,0.0,0.0,0.0
