name,start,end,total_contributed,final_value,profit,multiple,irr,twr_cagr,max_drawdown,taxes_paid,after_tax_final,after_tax_profit,after_tax_irr
Buy & hold SPY,2006-08-14,2026-08-13,144600.0,702889.39,558289.3917,4.8609,0.1395,0.115,-0.5494,0.0,702889.39,558289.39,0.1395
Buy & hold SPYG,2006-08-14,2026-08-13,144600.0,905918.46,761318.4589,6.265,0.16,0.1375,-0.5102,0.0,905918.46,761318.46,0.16
"Top-1 cap, weekly",2006-08-14,2026-08-13,144600.0,935346.12,790746.1203,6.4685,0.1626,0.1332,-0.4126,85343.48,743038.7,598438.7,0.144
"Top-1 cap, monthly",2006-08-14,2026-08-13,144600.0,1189216.58,1044616.581,8.2242,0.1818,0.1537,-0.3757,105041.27,912869.53,768269.53,0.1606
"Top-1 cap, annual",2006-08-14,2026-08-13,144600.0,1551418.01,1406818.0087,10.729,0.203,0.1716,-0.3718,169881.8,1259395.14,1114795.14,0.1864
"Top-3 cap, weekly",2006-08-14,2026-08-13,144600.0,1394819.25,1250219.2503,9.6461,0.1945,0.1384,-0.6032,146516.33,1044827.1,900227.1,0.1715
"Top-3 cap, monthly",2006-08-14,2026-08-13,144600.0,1368415.49,1223815.4942,9.4635,0.193,0.1383,-0.5768,115081.44,1098249.34,953649.34,0.1755
"Top-3 cap, annual",2006-08-14,2026-08-13,144600.0,1247081.04,1102481.0368,8.6244,0.1856,0.1431,-0.4986,85929.85,1099180.77,954580.77,0.1755
"Top-5 cap, weekly",2006-08-14,2026-08-13,144600.0,1368288.65,1223688.6509,9.4626,0.193,0.1472,-0.529,133367.05,1058045.98,913445.98,0.1725
"Top-5 cap, monthly",2006-08-14,2026-08-13,144600.0,1158301.62,1013701.619,8.0104,0.1797,0.1364,-0.5095,89823.59,977434.75,832834.75,0.1661
"Top-5 cap, annual",2006-08-14,2026-08-13,144600.0,1237840.75,1093240.754,8.5604,0.185,0.1443,-0.4799,43542.67,1130420.49,985820.49,0.1778
